condition,total,pass_rate,refusal_rate,avg_len
A,22,0.8181818181818182,0.0,980.0417
B,22,0.6818181818181818,0.125,702.3333
