condition,total,pass_rate,refusal_rate,avg_len
A,23,0.8260869565217391,0.0,1396.6667
B,23,0.6956521739130435,0.1667,871.0833
